<?xml version="1.0" encoding="UTF-8"?>
<!DOCTYPE hibernate-mapping PUBLIC 
		"-//Hibernate/Hibernate Mapping DTD//EN"
		"http://www.hibernate.org/dtd/hibernate-mapping-3.0.dtd">

<hibernate-mapping package="pojo">
	<class name="Employeehibernate" table="EMPLOYEEHIBERNATE">

		<id name="id" column="ID">
		<generator class="native"></generator>
		</id>
	<property name="name" type="string" column="NAME"></property>
	<property name="age" type="int" column="AGE"></property>
	<property name="salary" type="int" column="SALARY"></property>
	</class>
</hibernate-mapping>