<?xml version='1.0' encoding='utf-8'?>
<!DOCTYPE hibernate-configuration PUBLIC
        "-//Hibernate/Hibernate Configuration DTD 3.0//EN"
        "http://www.hibernate.org/dtd/hibernate-configuration-3.0.dtd">

<hibernate-configuration>
    <session-factory>

        <!-- Database connection settings -->
        <property name="connection.driver_class">com.mysql.cj.jdbc.Driver</property>
        <property name="connection.url">jdbc:mysql://localhost:3306/ALLTECHDB</property>
        <property name="connection.username">root</property>
        <property name="connection.password">password</property>

        <!-- SQL dialect -->
        <property name="dialect">org.hibernate.dialect.MySQLDialect</property>
         <property name="hibernate.hbm2ddl.auto">update</property>
        
       
        <!-- Echo all executed SQL to stdout -->
        <property name="format-sql">true</property>
        <property name="show_sql">true</property>
        
        <!-- Use XML-based mapping metadata -->	
      <!-- <mapping resource="domain/Message.hbm.xml"/> -->
        
        <!-- Use Annotation-based mapping metadata -->
      <!-- <mapping class="entity.Message"/> -->   
      <!-- <mapping class ="entity.Employee"/> -->
       <!--  <mapping class ="entity.Student"/>-->
       <!-- <mapping class ="entity.Course"/>  -->
         <!--<mapping class ="entity.Customer"/>   -->
        <!--  <mapping class ="entity.Passport"/>  -->
        <!-- <mapping class ="entity.Friend"/> -->
        
        <mapping class ="entity.UserDetails"/> 
        <mapping class ="entity.Vehicle"/> 
    </session-factory>
</hibernate-configuration>















