<?xml version="1.0" encoding="UTF-8"?>
<beans xmlns="http://www.springframework.org/schema/beans"
	xmlns:xsi="http://www.w3.org/2001/XMLSchema-instance"
	xmlns:p="http://www.springframework.org/schema/p"
	xsi:schemaLocation="http://www.springframework.org/schema/beans
        http://www.springframework.org/schema/beans/spring-beans.xsd">
 


<bean id="emp" class="com.springCore.collection.Emp">
	
	<property name="empname" value="Bimla"></property>
	<property name="phones">
		<list>
			<value>2344</value>
			<value>326326</value>
			<value>737327</value>
		</list>
	</property>
	<property name="addresses">
		<set>
			<value>Delhi</value>
			<value>USA</value>
			<value>Japan</value>
		</set>
	</property>
	<property name="courses">
		<map>
			<entry key="Java" value="2"></entry>
			<entry key="C++" value="3"></entry>
			<entry key="Python" value="4"></entry>
		</map>
	</property>
</bean>
 
        
 </beans>