<?xml version="1.0" encoding="UTF-8"?>
<beans xmlns="http://www.springframework.org/schema/beans"
	xmlns:xsi="http://www.w3.org/2001/XMLSchema-instance" xmlns:context="http://www.springframework.org/schema/context"
	xmlns:p="http://www.springframework.org/schema/p"
	xsi:schemaLocation="http://www.springframework.org/schema/beans
    http://www.springframework.org/schema/beans/spring-beans.xsd
    http://www.springframework.org/schema/context
    http://www.springframework.org/schema/context/spring-context.xsd">

<context:annotation-config/>
	<bean  id="car" class="com.altech.lifcycle.Car">
	
	<property name="model" value="BMW"></property>
	<property name="price" value="20000"></property>
	
	</bean>

	<bean id="person" class="com.altech.lifcycle.Person">
	
	</bean>

</beans>